AOapek,Karel,Karel AOapek
Abbey,Edward,Edward Abbey
Abbott,Edwin A.,Edwin A. Abbott
Abelard,Peter,Peter Abelard
Abhinavagupta,,Abhinavagupta
Abnudi,`Abd al-Rahman,`Abd al-Rahman Abnudi
Abrams,Meyer Howard,Meyer Howard Abrams
Acevedo,Elizabeth,Elizabeth Acevedo
Achebe,Chinua,Chinua Achebe
Achterberg,Gerrit,Gerrit Achterberg
Adamovich,Ales,Ales Adamovich
Adams,Douglas,Douglas Adams
Adams,Henry,Henry Adams
Adams,Richard,Richard Adams
Addams,Jane,Jane Addams
Addison,Joseph,Joseph Addison
Adorno,Theodor W.,Theodor W. Adorno
Adorno,Theodor Wiesengrund,Theodor Wiesengrund Adorno
Adorno,Theodor,Theodor Adorno
Aeschylus,,Aeschylus
Aesop,,Aesop
Afanasyev,A. N.,A. N. Afanasyev
Agamben,Giorgio,Giorgio Agamben
Agee,James,James Agee
Agosin,Marjorie,Marjorie Agosin
Aira,Cesar,Cesar Aira
Akhmatova,Anna,Anna Akhmatova
Al-Farabi,,Al-Farabi
Albee,Edward,Edward Albee
Albom,Mitch,Mitch Albom
Alcott,Louisa May,Louisa May Alcott
Aleixandre,Vicente,Vicente Aleixandre
Alexander,Archibald,Archibald Alexander
Alexander,Kwame,Kwame Alexander
Alexander,Michelle,Michelle Alexander
Alexie,Sherman,Sherman Alexie
Alexievich,Svetlana,Svetlana Alexievich
Alighieri,Dante,Dante Alighieri
Allende,Isabel,Isabel Allende
Allingham,Margery,Margery Allingham
Alphen,Hieronymus van,Hieronymus van Alphen
Althusser,Louis,Louis Althusser
Amis,Martin,Martin Amis
Anagnostakis,Manolis,Manolis Anagnostakis
Anderson,Poul,Poul Anderson
Anderson,Sherwood,Sherwood Anderson
Andrade,Mario de,Mario de Andrade
Andreyev,Leonid,Leonid Andreyev
Angelou,Maya,Maya Angelou
Anonymous,,Anonymous
Anselm,,Anselm
Apollinaire,Guillaume,Guillaume Apollinaire
Apuleius,,Apuleius
Aquinas,Saint Thomas,Saint Thomas Aquinas
Aquinas,Thomas,Thomas Aquinas
Aragon,Louis,Louis Aragon
Arbus,Doon,Doon Arbus
Arendt,Hannah,Hannah Arendt
Ariosto,Ludovico,Ludovico Ariosto
Aristotle,,Aristotle
Armitage,Simon,Simon Armitage
Armstrong,William H.,William H. Armstrong
Arnim,Elizabeth von,Elizabeth von Arnim
Arnold,Matthew,Matthew Arnold
Artsybashev,Mikhail,Mikhail Artsybashev
Ashbery,John,John Ashbery
Ashford,Daisy,Daisy Ashford
Atwood,Margaret,Margaret Atwood
Aubrey,John,John Aubrey
Auburn,David,David Auburn
Auden,W. H.,W. H. Auden
Auel,Jean M.,Jean M. Auel
Augustine,,Augustine
Augustine,Saint,Saint Augustine
Augustine,St.,St. Augustine
Aurelius,Marcus,Marcus Aurelius
Austen,Jane,Jane Austen
Auster,Paul,Paul Auster
Austin,J. L.,J. L. Austin
Austin,Mary,Mary Austin
Authors,,Authors
Averroes,,Averroes
Avicenna,,Avicenna
Avila,Teresa of,Teresa of Avila
Avvakum,the Archpriest,the Archpriest Avvakum
Ayer,Sir A.J.,Sir A.J. Ayer
Babbage,Charles,Charles Babbage
Babbitt,Irving,Irving Babbitt
Babbitt,Natalie,Natalie Babbitt
Bach,Richard,Richard Bach
Bachelard,Gaston,Gaston Bachelard
Bacon,Francis,Francis Bacon
Baden-Powell,Robert,Robert Baden-Powell
Badiou,Alain,Alain Badiou
Bailey,H. C.,H. C. Bailey
Bailey,Philip James,Philip James Bailey
Baker,Annie,Annie Baker
Baldacci,David,David Baldacci
Baldwin,James,James Baldwin
Ballantyne,R. M.,R. M. Ballantyne
Balzac,HonorE de,HonorE de Balzac
Balzac,Honore de,Honore de Balzac
Bamba,Cheikh Ahmadou,Cheikh Ahmadou Bamba
Banine,,Banine
Banks,Lynne Reid,Lynne Reid Banks
Barnitz,David Park,David Park Barnitz
Barnum,P. T.,P. T. Barnum
Barrie,J. M.,J. M. Barrie
Barrie,J.M.,J.M. Barrie
Barthes,Roland,Roland Barthes
Basho,Matsuo,Matsuo Basho
Bate,Walter Jackson,Walter Jackson Bate
Battuta,Ibn,Ibn Battuta
Baudelaire,Charles,Charles Baudelaire
Baum,L. Frank,L. Frank Baum
Beah,Ishmael,Ishmael Beah
Beauvoir,Simone de,Simone de Beauvoir
Bechdel,Alison,Alison Bechdel
Becker,Ethan,Ethan Becker
Becker,Marion Rombauer,Marion Rombauer Becker
Beckett,Samuel,Samuel Beckett
Beckford,William,William Beckford
Becquer,Gustavo Adolfo,Gustavo Adolfo Becquer
Beddoes,Thomas Lovell,Thomas Lovell Beddoes
Beerbohm,Max,Max Beerbohm
Beethoven,Ludwig van,Ludwig van Beethoven
Behan,Brendan,Brendan Behan
Behn,Aphra,Aphra Behn
Bellamy,Edward,Edward Bellamy
Bellay,Joachim Du,Joachim Du Bellay
Belloc,Hilaire,Hilaire Belloc
Benjamin,Walter,Walter Benjamin
Bennett,Alan,Alan Bennett
Bennett,Arnold,Arnold Bennett
Benson,E. F.,E. F. Benson
Benson,Godfrey R.,Godfrey R. Benson
Bentham,Jeremy,Jeremy Bentham
Bentley,E. C.,E. C. Bentley
Berger,John,John Berger
Bergson,Henri,Henri Bergson
Berkeley,George,George Berkeley
Berkman,Alexander,Alexander Berkman
Berkoff,Steven,Steven Berkoff
Berlin,Isaiah,Isaiah Berlin
Bernstein,Carl,Carl Bernstein
Berryman,John,John Berryman
Bertrand,Aloysius,Aloysius Bertrand
Bettelheim,Bruno,Bruno Bettelheim
Biedma,Jaime Gil de,Jaime Gil de Biedma
Bierce,Ambrose,Ambrose Bierce
Biggers,Earl Derr,Earl Derr Biggers
Bignozzi,Juana,Juana Bignozzi
Birch,Alice,Alice Birch
Bishop,Elizabeth,Elizabeth Bishop
Black,Jack,Jack Black
Blackmore,R. D.,R. D. Blackmore
Blainey,Geoffrey,Geoffrey Blainey
Blake,Robert,Robert Blake
Blake,William,William Blake
Blandiana,Ana,Ana Blandiana
Bloch,Marc,Marc Bloch
Bloem,J. C.,J. C. Bloem
Blok,Alexander,Alexander Blok
Bloshteyn,Maria,Maria Bloshteyn
Blume,Judy,Judy Blume
Boccaccio,Giovanni,Giovanni Boccaccio
Boethius,,Boethius
Boethius,Anicius Manlius Severinus,Anicius Manlius Severinus Boethius
Bois,W. E. B. Du,W. E. B. Du Bois
Bok,Christian,Christian Bok
Bolauo,Roberto,Roberto Bolauo
Boldrewood,Rolf,Rolf Boldrewood
Bolton,Ken,Ken Bolton
Bon,Gustave Le,Gustave Le Bon
Bonaventure,,Bonaventure
Boo,Katherine,Katherine Boo
Boothby,Guy,Guy Boothby
Borges,Jorge Luis,Jorge Luis Borges
Borrow,George,George Borrow
Boswell,James,James Boswell
Bourdain,Anthony,Anthony Bourdain
Bouvier,Nicolas,Nicolas Bouvier
Bradbury,Ray,Ray Bradbury
Braddon,M. E.,M. E. Braddon
Bramah,Ernest,Ernest Bramah
Brathwaite,Kamau,Kamau Brathwaite
Braudel,Fernand,Fernand Braudel
Brazil,Angela,Angela Brazil
Brecht,Bertolt,Bertolt Brecht
Bredero,G. A.,G. A. Bredero
Brent,Linda,Linda Brent
Brentano,Franz,Franz Brentano
Breton,Andre,Andre Breton
Brink,Carol Ryrie,Carol Ryrie Brink
Britannica,Encyclopedia,Encyclopedia Britannica
Brittain,Vera,Vera Brittain
Bromfield,Louis,Louis Bromfield
BrontA',Anne,Anne BrontA'
BrontA',Charlotte,Charlotte BrontA'
BrontA',Emily,Emily BrontA'
Bronte,Anne,Anne Bronte
Bronte,Charlotte,Charlotte Bronte
Bronte,Emily,Emily Bronte
Brooks,Gwendolyn,Gwendolyn Brooks
Brown,Dan,Dan Brown
Brown,Dee Alexander,Dee Alexander Brown
Brown,Sterling Allen,Sterling Allen Brown
Brown,William Wells,William Wells Brown
Browning,Elizabeth Barrett,Elizabeth Barrett Browning
Browning,Robert,Robert Browning
Brownmiller,Susan,Susan Brownmiller
Bruyere,Jean de La,Jean de La Bruyere
Bryl,Yanka,Yanka Bryl
Buber,Martin,Martin Buber
Buchan,John,John Buchan
Buchner,Georg,Georg Buchner
Buck,Pearl S.,Pearl S. Buck
Budrys,Algis,Algis Budrys
Bulfinch,Thomas,Thomas Bulfinch
Bulgakov,Mikhail,Mikhail Bulgakov
Bulwer-Lytton,Edward,Edward Bulwer-Lytton
Bunin,Ivan,Ivan Bunin
Bunyan,John,John Bunyan
Burger,Gottfried,Gottfried Burger
Burgess,Anthony,Anthony Burgess
Burgess,Thornton W.,Thornton W. Burgess
Burke,Edmund,Edmund Burke
Burnett,Frances Hodgson,Frances Hodgson Burnett
Burney,Fanny,Fanny Burney
Burnford,Sheila,Sheila Burnford
Burnham,James,James Burnham
Burns,Robert,Robert Burns
Burns,Walter Noble,Walter Noble Burns
Burroughs,Edgar Rice,Edgar Rice Burroughs
Burroughs,William S.,William S. Burroughs
Burton,Richard F.,Richard F. Burton
Burton,Robert,Robert Burton
Butler,Judith,Judith Butler
Butler,Samuel,Samuel Butler
Butterworth,By Jez,By Jez Butterworth
Byars,Betsy Cromer,Betsy Cromer Byars
Byatt,A. S.,A. S. Byatt
Byron,Lord,Lord Byron
Byron,Robert,Robert Byron
Cabell,James Branch,James Branch Cabell
Caesar,Julius,Julius Caesar
Caffin,Elizabeth,Elizabeth Caffin
Campbell,John W.,John W. Campbell
Campbell,Joseph,Joseph Campbell
Camunes,Luis Vaz,Luis Vaz Camunes
Camus,Albert,Albert Camus
Canetti,Elias,Elias Canetti
Canterbury,Saint Anselm of,Saint Anselm of Canterbury
Capote,Truman,Truman Capote
Card,Orson Scott,Orson Scott Card
Carlyle,Thomas,Thomas Carlyle
Carnap,Rudolf,Rudolf Carnap
Carnegie,Dale,Dale Carnegie
Caro,Robert,Robert Caro
Carolino,Pedro,Pedro Carolino
Carre,John Le,John Le Carre
Carroll,Lewis,Lewis Carroll
Carson,Anne,Anne Carson
Carson,Rachel,Rachel Carson
Casanova,Giacomo,Giacomo Casanova
Cassirer,Ernst,Ernst Cassirer
Castillo,Bernal Diaz del,Bernal Diaz del Castillo
Cather,Willa,Willa Cather
Cats,Jacob,Jacob Cats
Catton,Bruce,Bruce Catton
Catullus,,Catullus
Catulus,Quintus Lutatius,Quintus Lutatius Catulus
Cavafy,C. P.,C. P. Cavafy
Cavendish,Margaret,Margaret Cavendish
Cela,Camilo Jose,Camilo Jose Cela
Celan,Paul,Paul Celan
Cendrars,Blaise,Blaise Cendrars
Cernuda,Luis,Luis Cernuda
Cervantes,Miguel de,Miguel de Cervantes
Cesaire,Aime,Aime Cesaire
Cha,Theresa Hak Kyung,Theresa Hak Kyung Cha
Chambers,Robert W.,Robert W. Chambers
Chambers,Whittaker,Whittaker Chambers
Chang,Jung,Jung Chang
Char,Rene,Rene Char
Chateaubriand,Francois-Auguste-Rene de,Francois-Auguste-Rene de Chateaubriand
Chaucer,Geoffrey,Geoffrey Chaucer
Chekhov,Anton,Anton Chekhov
Cherry-Garrard,Apsley,Apsley Cherry-Garrard
Chesnutt,Charles W.,Charles W. Chesnutt
Chesterton,G. K.,G. K. Chesterton
Chevalier,Tracy,Tracy Chevalier
Childers,Erskine,Erskine Childers
China,,China
Chomsky,Noam,Noam Chomsky
Chopin,Kate,Kate Chopin
Christensen,Inger,Inger Christensen
Christianopoulos,Dinos,Dinos Christianopoulos
Christie,Agatha,Agatha Christie
Church,Christian,Christian Church
Churchill,Caryl,Caryl Churchill
Churchill,Winston,Winston Churchill
Cicero,,Cicero
Cioran,Emil,Emil Cioran
Cisneros,Sandra,Sandra Cisneros
Clark,Heather L.,Heather L. Clark
Clarke,John Cooper,John Cooper Clarke
Claus,Hugo,Hugo Claus
Cleary,Beverly,Beverly Cleary
Cleyre,Voltairine de,Voltairine de Cleyre
Clifton,Lucille,Lucille Clifton
Coates,Ta-Nehisi,Ta-Nehisi Coates
Cody,William F.,William F. Cody
Coelho,Paulo,Paulo Coelho
Cohn,Norman,Norman Cohn
Coleridge,Samuel Taylor,Samuel Taylor Coleridge
Coles,Robert,Robert Coles
Colfer,Eoin,Eoin Colfer
Collingwood,R. G.,R. G. Collingwood
Collins,Suzanne,Suzanne Collins
Collins,Wilkie,Wilkie Collins
Collodi,Carlo,Carlo Collodi
Comp,James A. Emanuel,James A. Emanuel Comp
Compton-Burnett,Ivy,Ivy Compton-Burnett
Comte,Auguste,Auguste Comte
Condorcet,Marie-Jean-Antoine-Nicolas de Caritat marquis de,Marie-Jean-Antoine-Nicolas de Caritat marquis de Condorcet
Confucius,,Confucius
Congreve,William,William Congreve
Connington,J. J.,J. J. Connington
Conquest,Robert,Robert Conquest
Conrad,Joseph,Joseph Conrad
Conran,Terence,Terence Conran
Coolidge,Calvin,Calvin Coolidge
Cooper,Anna Julia,Anna Julia Cooper
Cooper,James Fenimore,James Fenimore Cooper
Cooper,Susan,Susan Cooper
Corbiere,Tristan,Tristan Corbiere
Cormier,Robert,Robert Cormier
Corneille,Pierre,Pierre Corneille
Cousteau,Jacques,Jacques Cousteau
Coward,NoA'l,NoA'l Coward
Coward,Noel,Noel Coward
Craft,Ellen,Ellen Craft
Craft,William,William Craft
Crane,Stephen,Stephen Crane
Craveirinha,Jose,Jose Craveirinha
Crawford,F. Marion,F. Marion Crawford
Creech,Sharon,Sharon Creech
Crichton,Michael,Michael Crichton
Crisp,Quentin,Quentin Crisp
Crispin,Edmund,Edmund Crispin
Croce,Benedetto,Benedetto Croce
Crofts,Freeman Wills,Freeman Wills Crofts
Croix,Jean de la,Jean de la Croix
Crompton,Richmal,Richmal Crompton
Crosby,Ernest Howard,Ernest Howard Crosby
Cross,St. John of the,St. John of the Cross
Cruz,San Juan de la,San Juan de la Cruz
Cummings,E. E.,E. E. Cummings
Curie,Marie,Marie Curie
Curtis,Christopher Paul,Christopher Paul Curtis
Cushing,Frank Hamilton,Frank Hamilton Cushing
Dahl,Roald,Roald Dahl
Dangerfield,George,George Dangerfield
Dao,Bei,Bei Dao
Darwin,Charles,Charles Darwin
Darwish,Mahmoud,Mahmoud Darwish
Das,Kamala,Kamala Das
Dashkova,Ekaterina Romanovna,Ekaterina Romanovna Dashkova
Dashner,James,James Dashner
Davidson,Donald,Donald Davidson
Davidson,James West,James West Davidson
Davis,Arthur Paul,Arthur Paul Davis
Dawkins,Richard,Richard Dawkins
Day,Dorothy,Dorothy Day
DeLappe,Sarah,Sarah DeLappe
Defoe,Daniel,Daniel Defoe
Delany,Samuel R.,Samuel R. Delany
Deledda,Grazia,Grazia Deledda
Democritus,,Democritus
Derleth,August,August Derleth
Derrida,Jacques,Jacques Derrida
Descartes,RenE,RenE Descartes
Descartes,Rene,Rene Descartes
Desmond,Matthew,Matthew Desmond
Dewey,John,John Dewey
DiCamillo,Kate,Kate DiCamillo
Diamond,Jared,Jared Diamond
Dick,Philip K.,Philip K. Dick
Dickens,Charles,Charles Dickens
Dickinson,Emily,Emily Dickinson
Diderot,Denis,Denis Diderot
Didion,Joan,Joan Didion
Dillard,Annie,Annie Dillard
Dilthey,Wilhelm,Wilhelm Dilthey
Dimoula,Kiki,Kiki Dimoula
Dine,S. S. Van,S. S. Van Dine
Dinesen,Isak,Isak Dinesen
Diop,Cheikh Anta,Cheikh Anta Diop
Disraeli,Benjamin,Benjamin Disraeli
Ditlevsen,Tove,Tove Ditlevsen
Dixon,Franklin W.,Franklin W. Dixon
Donne,John,John Donne
Donoghue,Emma,Emma Donoghue
Doolittle,Hilda,Hilda Doolittle
Dostoevsky,Fyodor,Fyodor Dostoevsky
Dostoyevsky,Fyodor,Fyodor Dostoyevsky
Douglas,Lloyd C.,Lloyd C. Douglas
Douglas,Norman,Norman Douglas
Douglass,Frederick,Frederick Douglass
Dove,Rita,Rita Dove
Doyle,Arthur Conan,Arthur Conan Doyle
Dreiser,Theodore,Theodore Dreiser
Duffy,Carol Ann,Carol Ann Duffy
Dukes,Paul,Paul Dukes
Dumas,Alexandre,Alexandre Dumas
Dunbar,Paul Laurence,Paul Laurence Dunbar
Dunsany,Lord,Lord Dunsany
Durkheim,Emile,Emile Durkheim
Durrell,Gerald,Gerald Durrell
Dutt,Sukumar,Sukumar Dutt
Dymond,Jonathan,Jonathan Dymond
Eco,Umberto,Umberto Eco
Eddison,E. R.,E. R. Eddison
Edel,Leon,Leon Edel
Edgeworth,Maria,Maria Edgeworth
Edson,Margaret,Margaret Edson
Edwards,Kim,Kim Edwards
Eggers,Dave,Dave Eggers
Ehrenreich,Barbara,Barbara Ehrenreich
Einstein,Albert,Albert Einstein
Eliot,George,George Eliot
Eliot,T. S.,T. S. Eliot
Ellis,Havelock,Havelock Ellis
Ellison,Ralph,Ralph Ellison
Elytis,Odysseas,Odysseas Elytis
Embiricos,Andreas,Andreas Embiricos
Emerson,Ralph Waldo,Ralph Waldo Emerson
Empiricus,Sextus,Sextus Empiricus
Engels,Friedrich,Friedrich Engels
Engonopoulos,Nikos,Nikos Engonopoulos
Epictetus,,Epictetus
Epicurus,,Epicurus
Equiano,Olaudah,Olaudah Equiano
Erasmus,,Erasmus
Ernaux,Annie,Annie Ernaux
Esquivel,Laura,Laura Esquivel
Euripides,,Euripides
Evanovich,Janet,Janet Evanovich
Evans,Nicholas,Nicholas Evans
Evaristo,Bernardine,Bernardine Evaristo
Facey,A. B.,A. B. Facey
Falkner,John Meade,John Meade Falkner
Faludy,Gyorgy,Gyorgy Faludy
Fanon,Frantz,Frantz Fanon
Fanu,J. Sheridan Le,J. Sheridan Le Fanu
Farge,Oliver La,Oliver La Farge
Faulkner,William,William Faulkner
Fayett ,Madame de Marie-Madeleine Pioche de La Vergne La,Madame de Marie-Madeleine Pioche de La Vergne La Fayett 
Ferber,Edna,Edna Ferber
Ferdowsi,,Ferdowsi
Ferlin,Nils,Nils Ferlin
Fermor,Patrick Leigh,Patrick Leigh Fermor
Feyerabend,Paul,Paul Feyerabend
Feynman,Richard P.,Richard P. Feynman
Fichte,Johann Gottlieb,Johann Gottlieb Fichte
Fielding,Henry,Henry Fielding
Figner,Vera,Vera Figner
Fisher,M. F. K.,M. F. K. Fisher
FitzGerald,Edward,Edward FitzGerald
Fitzgerald,F. Scott,F. Scott Fitzgerald
Fitzgerald,Penelope,Penelope Fitzgerald
Fitzhugh,Louise,Louise Fitzhugh
Flagg,Fannie,Fannie Flagg
Flammarion,Camille,Camille Flammarion
Flaubert,Gustave,Gustave Flaubert
Fleischman,Sid,Sid Fleischman
Flesche,Francis La,Francis La Flesche
Fletcher,J. S.,J. S. Fletcher
Fletcher,John,John Fletcher
Flynn,Gillian,Gillian Flynn
Follett,Barbara Newhall,Barbara Newhall Follett
Follett,Ken,Ken Follett
Follett,Mary Parker,Mary Parker Follett
Fonseca,JosE da,JosE da Fonseca
Fontaine,Jean de La,Jean de La Fontaine
Foote,Shelby,Shelby Foote
Forbes,Esther,Esther Forbes
Ford,Ford Madox,Ford Madox Ford
Forester,C. S.,C. S. Forester
Forster,E. M.,E. M. Forster
Foucault,Michel,Michel Foucault
Fox,Paula,Paula Fox
France,Anatole,Anatole France
France,Marie de,Marie de France
Frank,Anne,Anne Frank
Frank,Robert,Robert Frank
Frankl,Viktor,Viktor Frankl
Franklin,Benjamin,Benjamin Franklin
Franklin,Miles,Miles Franklin
Frayn,Michael,Michael Frayn
Frazer,James George,James George Frazer
Frazier,Charles,Charles Frazier
Frederic,Harold,Harold Frederic
Freeman,Douglas Southall,Douglas Southall Freeman
Frege,,Frege
Freud,Sigmund,Sigmund Freud
Friedan,Betty,Betty Friedan
Friedman,Milton,Milton Friedman
Frost,Robert,Robert Frost
Frye,Northrop,Northrop Frye
Fryer,Peter,Peter Fryer
Fu,Du,Du Fu
Fuhmann,Franz,Franz Fuhmann
Fuller,Henry Blake,Henry Blake Fuller
Funke,Cornelia,Cornelia Funke
Furphy,Joseph,Joseph Furphy
Fussell,Paul,Paul Fussell
Gabernas,Jurgeb,Jurgeb Gabernas
Gabirol,Ibn,Ibn Gabirol
Gaboriau,Emile,Emile Gaboriau
Gadamer,Hans-Georg,Hans-Georg Gadamer
Gaiman,Neil,Neil Gaiman
Galbraith,John Kenneth,John Kenneth Galbraith
Galileo,,Galileo
Galsworthy,John,John Galsworthy
Gandersheim,Roswitha of,Roswitha of Gandersheim
Gandhi,,Gandhi
Gandhi,Mahatma,Mahatma Gandhi
Ganjavi,Nezami,Nezami Ganjavi
Gardner,Helen,Helen Gardner
Garnett,David,David Garnett
Garshin,Vsevolod,Vsevolod Garshin
Gary,Romain,Romain Gary
Gaskell,Elizabeth Cleghorn,Elizabeth Cleghorn Gaskell
Gaskell,Elizabeth,Elizabeth Gaskell
Gasset,Jose Ortega,Jose Ortega Gasset
Gatsos,Nikos,Nikos Gatsos
Gaulle,Charles De,Charles De Gaulle
General,Surgeon,Surgeon General
Genestet,P. A. de,P. A. de Genestet
Genet,Jean,Jean Genet
Genovese,Eugene,Eugene Genovese
George,Henry,Henry George
George,Jean Craighead,Jean Craighead George
Gerhardt,Ida,Ida Gerhardt
Geronimo,,Geronimo
Gibbon,Edward,Edward Gibbon
Gibran,Kahlil,Kahlil Gibran
Gibran,Khalil,Khalil Gibran
Gide,Andre,Andre Gide
Gilman,Charlotte Perkins,Charlotte Perkins Gilman
Ginsberg,Allen,Allen Ginsberg
Ginzburg,Lydia,Lydia Ginzburg
Ginzburg,Natalia,Natalia Ginzburg
Gipson,Fred,Fred Gipson
Gissing,George,George Gissing
Gittings,Robert,Robert Gittings
Gjellerup,Karl,Karl Gjellerup
Gladwell,Malcolm,Malcolm Gladwell
Gleick,James,James Gleick
Godwin,William,William Godwin
Goethe,J. W. von,J. W. von Goethe
Goethe,Johann Wolfgang von,Johann Wolfgang von Goethe
Gogol,Nikolai,Nikolai Gogol
Golden,Arthur,Arthur Golden
Golding,William,William Golding
Goldman,Emma,Emma Goldman
Goldoni,Carlo,Carlo Goldoni
Goldsmith,Oliver,Oliver Goldsmith
Gombrich,Ernest H.,Ernest H. Gombrich
Goncourt,Edmond de,Edmond de Goncourt
Goncourt,Jules de,Jules de Goncourt
Gongora,Luis de,Luis de Gongora
Goodwin,Doris Kearns,Doris Kearns Goodwin
Gorky,Maxim,Maxim Gorky
Gorter,Herman,Herman Gorter
Gould,Stephen Jay,Stephen Jay Gould
Gourevitch,Philip,Philip Gourevitch
Grafton,Sue,Sue Grafton
Grahame,Kenneth,Kenneth Grahame
Gramsci,Antonio,Antonio Gramsci
Grangaud,Michelle,Michelle Grangaud
Grant,Ulysses S.,Ulysses S. Grant
Grave,Jean,Jean Grave
Graves,Robert,Robert Graves
Gray,Thomas,Thomas Gray
Great,Catherine the,Catherine the Great
Green,Anna Katharine,Anna Katharine Green
Green,John,John Green
Greenblatt,Stephen,Stephen Greenblatt
Greene,Graham,Graham Greene
Greer,Germaine,Germaine Greer
Gregory,Lady,Lady Gregory
Grey,George,George Grey
Grey,Zane,Zane Grey
Grimm,Jacob,Jacob Grimm
Grimm,Wilhelm,Wilhelm Grimm
Grisham,John,John Grisham
Gross,John,John Gross
Gross,Theodore L.,Theodore L. Gross
Grossman,Vasily,Vasily Grossman
Gruen,Sara,Sara Gruen
Guillen,Nicolas,Nicolas Guillen
Guterson,David,David Guterson
HEmon,Louis,Louis HEmon
Habermas,Jurgen,Jurgen Habermas
Haddon,Mark,Mark Haddon
Hadewijch,,Hadewijch
Haggard,H. Rider,H. Rider Haggard
Hahn,Ulla,Ulla Hahn
Haley,Alex,Alex Haley
Hall,Radclyffe,Radclyffe Hall
Hamilton,Alexander,Alexander Hamilton
Hamilton,Cicely,Cicely Hamilton
Hamilton,Edith,Edith Hamilton
Hamilton,Virginia,Virginia Hamilton
Hammett,Dashiell,Dashiell Hammett
Hamsun,Knut,Knut Hamsun
Hansberry,Lorraine,Lorraine Hansberry
Harari,Yuval Noah,Yuval Noah Harari
Harbou,Thea von,Thea von Harbou
Hardy,G. H.,G. H. Hardy
Hardy,Thomas,Thomas Hardy
Hare,David,David Hare
Harper,Frances Ellen Watkins,Frances Ellen Watkins Harper
Harrer,Heinrich,Heinrich Harrer
Harrison,Harry,Harry Harrison
Haverschmidt,Francois,Francois Haverschmidt
Hawk,Black,Black Hawk
Hawking,Stephen,Stephen Hawking
Hawkins,Paula,Paula Hawkins
Hawthorne,Nathaniel,Nathaniel Hawthorne
Hayek,Friedrich von,Friedrich von Hayek
Hazlitt,William,William Hazlitt
Heaney,Seamus,Seamus Heaney
Heat-Moon,William Least,William Least Heat-Moon
Hegel,G. W. F.,G. W. F. Hegel
Hegel,Georg Wilhelm Friedrich,Georg Wilhelm Friedrich Hegel
Heidegger,Martin,Martin Heidegger
Heimonas,Giorgos,Giorgos Heimonas
Heine,Heinrich,Heinrich Heine
Heinlein,Robert A.,Robert A. Heinlein
Hejinian,Lyn,Lyn Hejinian
Heller,Joseph,Joseph Heller
Hemingway,Ernest,Ernest Hemingway
Henry,Marguerite,Marguerite Henry
Henry,Michel,Michel Henry
Henry,O.,O. Henry
Henson,Matthew,Matthew Henson
Heracleitus,,Heracleitus
Heraclitus,,Heraclitus
Herbert,George,George Herbert
Herbert,Zbigniew,Zbigniew Herbert
Herder,Johann Gottfried,Johann Gottfried Herder
Hernandez,Jose,Jose Hernandez
Herodotus,,Herodotus
Herr,Michael,Michael Herr
Hersey,John,John Hersey
Herzen,Alexander,Alexander Herzen
Herzl,Theodor,Theodor Herzl
Herzog,Amy,Amy Herzog
Hesiod,,Hesiod
Hesse,Hermann,Hermann Hesse
Heyer,Georgette,Georgette Heyer
Heyerdahl,Thor,Thor Heyerdahl
Hilton,James,James Hilton
Hinton,S. E.,S. E. Hinton
Hitler,Adolf,Adolf Hitler
Hobbes,Thomas,Thomas Hobbes
Hobhouse,L. T.,L. T. Hobhouse
Hodges,Andrew,Andrew Hodges
Hodgson,William Hope,William Hope Hodgson
Hoffmann,E. T. A.,E. T. A. Hoffmann
Hofstadter,Douglas,Douglas Hofstadter
Hofstadter,Richard,Richard Hofstadter
Hogg,James,James Hogg
Holderlin,Friedrich,Friedrich Holderlin
Holmes,Richard,Richard Holmes
Holmes,Robert Derby,Robert Derby Holmes
Homer,,Homer
Hooft,P. C.,P. C. Hooft
Hope,Anthony,Anthony Hope
Hopkins,Gerald Manley,Gerald Manley Hopkins
Horace,,Horace
Horkheimer,Max,Max Horkheimer
Hornung,E. W.,E. W. Hornung
Hosseini,Khaled,Khaled Hosseini
Housman,A. E.,A. E. Housman
Howard,Robert E.,Robert E. Howard
Howe,Fanny,Fanny Howe
Howells,William Dea,William Dea Howells
Howells,William Dean,William Dean Howells
Hughes,Langston,Langston Hughes
Hughes,Ted,Ted Hughes
Hughes,Thomas,Thomas Hughes
Hugo,Victor,Victor Hugo
Huizinga,Johan,Johan Huizinga
Hume,David,David Hume
Hume,Fergus,Fergus Hume
Hurston,Zora Neale,Zora Neale Hurston
Husserl,Edmund,Edmund Husserl
Huxley,Aldous,Aldous Huxley
Huygens,Constantijn,Constantijn Huygens
Huysmans,J.-K.,J.-K. Huysmans
Hyne,C. J. Cutcliffe,C. J. Cutcliffe Hyne
Hypatia,,Hypatia
Ibsen,Henrik,Henrik Ibsen
Ionesco,Eugene,Eugene Ionesco
Irigaray,Luce,Luce Irigaray
Irving,John,John Irving
Irving,Washington,Washington Irving
Ishiguro,Kazuo,Kazuo Ishiguro
Israel,Marvin,Marvin Israel
Jabes,Edmond,Edmond Jabes
Jacobs,Harriet,Harriet Jacobs
Jacobs,Jane,Jane Jacobs
Jacobs,Joseph,Joseph Jacobs
Jacobs,W. W.,W. W. Jacobs
Jacobsen,J. P.,J. P. Jacobsen
Jacopetti,Alexandra,Alexandra Jacopetti
Jacottet,Philippe,Philippe Jacottet
James,Henry,Henry James
James,M. R.,M. R. James
James,Will,Will James
James,William,William James
Jarrell,Randall,Randall Jarrell
Jay,John,John Jay
Jefferies,Richard,Richard Jefferies
Jerome,Jerome K.,Jerome K. Jerome
Jewett,Sarah Orne,Sarah Orne Jewett
Jimenez,Juan Ramon,Juan Ramon Jimenez
Johnson,Captain Charles,Captain Charles Johnson
Johnson,E. Pauline,E. Pauline Johnson
Johnson,Georgia Douglas,Georgia Douglas Johnson
Johnson,James Weldon,James Weldon Johnson
Johnson,Owen,Owen Johnson
Johnson,Paul,Paul Johnson
Johnson,Reverend Samuel,Reverend Samuel Johnson
Johnson,Samuel,Samuel Johnson
Jones,David,David Jones
Jonson,Ben,Ben Jonson
Joyce,James,James Joyce
Jr.,Horatio Alger,Horatio Alger Jr.
Jr.,Richard Henry Dana,Richard Henry Dana Jr.
Jr.,Walter M. Miller,Walter M. Miller Jr.
Jr.,William Strunk,William Strunk Jr.
Judaeus,Philo,Philo Judaeus
Judt,Tony,Tony Judt
Jun'ichiro,Tanizaki,Tanizaki Jun'ichiro
Jung,Carl,Carl Jung
Junger,Ernst,Ernst Junger
Juster,Norton,Norton Juster
Juvenal,,Juvenal
Kafka,Franz,Franz Kafka
Kahneman,Daniel,Daniel Kahneman
Kakuzo,Okakura,Okakura Kakuzo
Kalidasa,,Kalidasa
Kalvos,Andreas,Andreas Kalvos
Kaminsky,Ilya,Ilya Kaminsky
Kane,Sarah,Sarah Kane
Kant,Immanuel,Immanuel Kant
Kapuscinski,Ryszard,Ryszard Kapuscinski
Karam,Stephan,Stephan Karam
Karena-Holmes,David,David Karena-Holmes
Karr,Mary,Mary Karr
Karyotakis,Kostas,Kostas Karyotakis
Katsaros,Michalis,Michalis Katsaros
Kavanagh,Herminie Templeton,Herminie Templeton Kavanagh
Kavanagh,Patrick,Patrick Kavanagh
Kazantzakis,Nikos,Nikos Kazantzakis
Keats,John,John Keats
Keefe,Patrick Radden,Patrick Radden Keefe
Keegan,John,John Keegan
Keller,Helen,Helen Keller
Kelly,Dennis,Dennis Kelly
Kempis,Thomas A ,Thomas A  Kempis
Keneally,Thomas,Thomas Keneally
Kenyatta,Jomo,Jomo Kenyatta
Kenyon,Jane,Jane Kenyon
Kerouac,Jack,Jack Kerouac
Kesey,Ken,Ken Kesey
Keyes,Daniel,Daniel Keyes
Keynes,John Maynard,John Maynard Keynes
Khayyam,Omar,Omar Khayyam
Khlebnikov,Velimir,Velimir Khlebnikov
Kidd,Sue Monk,Sue Monk Kidd
Kierkegaard,Soren,Soren Kierkegaard
King,Martin Luther,Martin Luther King
King,Stephen,Stephen King
Kinglake,Alexander William,Alexander William Kinglake
Kingsley,Charles,Charles Kingsley
Kingsolver,Barbara,Barbara Kingsolver
Kingston,Maxine Hong,Maxine Hong Kingston
Kinnell,Galway,Galway Kinnell
Kinney,Jeff,Jeff Kinney
Kinsey,Alfred C.,Alfred C. Kinsey
Kipling,Rudyard,Rudyard Kipling
Kirk,Russell,Russell Kirk
Kirkwood,Lucy,Lucy Kirkwood
Kitaro,Nishida,Nishida Kitaro
Kleinbaum,N. H.,N. H. Kleinbaum
Kleinzahler,August,August Kleinzahler
Knausgaard,Karl Ove,Karl Ove Knausgaard
Knight,E. F.,E. F. Knight
Knowles,John,John Knowles
Knox,Ronald A.,Ronald A. Knox
Koestler,Arthur,Arthur Koestler
Kolbert,Elizabeth,Elizabeth Kolbert
Kolesnik,Vladimir,Vladimir Kolesnik
Konigsburg,E. L.,E. L. Konigsburg
Kornbluth,C. M.,C. M. Kornbluth
Korolenko,Vladimir,Vladimir Korolenko
Krakauer,Jon,Jon Krakauer
Kripke,Saul,Saul Kripke
Kropotkin,Peter,Peter Kropotkin
Kuhn,Thomas S.,Thomas S. Kuhn
Kuhn,Thomas,Thomas Kuhn
Kulbak,Moyshe,Moyshe Kulbak
Kuprin,Aleksandr,Aleksandr Kuprin
Kurlansky,Mark,Mark Kurlansky
Kushner,Tony,Tony Kushner
Kuttner,Henry,Henry Kuttner
L'Engle,Madeleine,Madeleine L'Engle
LaA'rtius,Diogenes,Diogenes LaA'rtius
Lacan,Jacques,Jacques Lacan
Laclos,Choderlos de,Choderlos de Laclos
Laclos,Pierre Choderlos de,Pierre Choderlos de Laclos
Lafferty,R. A.,R. A. Lafferty
Lagerlof,Selma,Selma Lagerlof
Lampedusa,Giuseppe Tomasi di,Giuseppe Tomasi di Lampedusa
Lane,Rose Wilder,Rose Wilder Lane
Laozi,,Laozi
Larkin,Philip,Philip Larkin
Larsen,Nella,Nella Larsen
Larson,Erik,Erik Larson
Larsson,Stieg,Stieg Larsson
Lautreamont,Comte de,Comte de Lautreamont
Lawrence,D. H.,D. H. Lawrence
Lawrence,T. E.,T. E. Lawrence
Lawson,Henry,Henry Lawson
Laye,Camara,Camara Laye
Lazic,Radmila,Radmila Lazic
LeBlanc,Adrian Nicole,Adrian Nicole LeBlanc
Leacock,Stephen,Stephen Leacock
Lear,Edward,Edward Lear
Leavis,F. R.,F. R. Leavis
Leblanc,Georgette,Georgette Leblanc
Leblanc,Maurice,Maurice Leblanc
Lee,Harper,Harper Lee
Lee,Laurie,Laurie Lee
Lee,Ulysses,Ulysses Lee
Lee-Hamilton,Eugene,Eugene Lee-Hamilton
Leiber,Fritz,Fritz Leiber
Leibniz,Gottfried Wilhelm,Gottfried Wilhelm Leibniz
Lenin,Vladimir Ilyich,Vladimir Ilyich Lenin
Leopardi,Giacomo,Giacomo Leopardi
Leopold,Aldo,Aldo Leopold
Leopold,J.H. H.,J.H. H. Leopold
Lermontov,Mikhail,Mikhail Lermontov
Lerner,Ben,Ben Lerner
Leroux,Gaston,Gaston Leroux
Lesage,Alain-RenE,Alain-RenE Lesage
Letts,Tracy,Tracy Letts
Levi,Carlo,Carlo Levi
Levi,Primo,Primo Levi
Levi-Strauss,Claude,Claude Levi-Strauss
Levinas,Emmanuel,Emmanuel Levinas
Levine,Philip,Philip Levine
Lewis,C. S.,C. S. Lewis
Lewis,David Kellogg,David Kellogg Lewis
Lewis,Edna,Edna Lewis
Lewis,M. G.,M. G. Lewis
Lewis,Matthew,Matthew Lewis
Lewis,Michael M.,Michael M. Lewis
Lewis,Sinclair,Sinclair Lewis
Lie,Jonas,Jonas Lie
Lincoln,Abraham,Abraham Lincoln
Linde,Gerrit van de,Gerrit van de Linde
Lindegren,Erik,Erik Lindegren
Lindgren,Astrid,Astrid Lindgren
Lindsay,David,David Lindsay
Lippmann,Walter,Walter Lippmann
Lleshanaku,Luljeta,Luljeta Lleshanaku
Locke,John,John Locke
Lofting,Hugh,Hugh Lofting
Logan,John,John Logan
London,Jack,Jack London
Lonergan,Bernard,Bernard Lonergan
Lonergan,Kenneth,Kenneth Lonergan
Long,Frank Belknap,Frank Belknap Long
Lonnrot,Elias,Elias Lonnrot
Loos,Anita,Anita Loos
Lorca,Federico Garcia,Federico Garcia Lorca
Lorde,Audre,Audre Lorde
Lorris,Guillaume de,Guillaume de Lorris
Lovecraft,H. P.,H. P. Lovecraft
Lowell,Robert,Robert Lowell
Lowndes,Marie Belloc,Marie Belloc Lowndes
Lowry,Lois,Lois Lowry
Loy,Mina,Mina Loy
Lucebert,,Lucebert
Lucretius,,Lucretius
Ludlow,Fitz Hugh,Fitz Hugh Ludlow
Ludwig,Emil,Emil Ludwig
Lyotard,Jean-Francois,Jean-Francois Lyotard
Lytton,Edward Bulwer,Edward Bulwer Lytton
MacDonald,George,George MacDonald
MacDonald,Helen,Helen MacDonald
MacLachlan,Patricia,Patricia MacLachlan
MacNeice,Louis,Louis MacNeice
Machado,Antonio,Antonio Machado
Machen,Arthur,Arthur Machen
Machiavelli,NiccolA2,NiccolA2 Machiavelli
Machiavelli,Niccolo,Niccolo Machiavelli
Mackenzie,Alexander,Alexander Mackenzie
Mackenzie,Compton,Compton Mackenzie
Madison,James,James Madison
Maeterlinck,Maurice,Maurice Maeterlinck
Magris,Claudio,Claudio Magris
Mailer,Norman,Norman Mailer
Maimonides,,Maimonides
Maimonides,Moses,Moses Maimonides
Maistre,Xavier de,Xavier de Maistre
Makriyannis,,Makriyannis
Malatesta,Errico,Errico Malatesta
Malcolm,Janet,Janet Malcolm
Mallarme,Stephane,Stephane Mallarme
Malory,Thomas,Thomas Malory
Mamet,David,David Mamet
Manchester,William,William Manchester
Mandela,Nelson,Nelson Mandela
Mandelstam,Osip,Osip Mandelstam
Mann,Thomas,Thomas Mann
Manrique,Jorge,Jorge Manrique
Manzoni,Alessandro,Alessandro Manzoni
Mao,,Mao
Marais,Eugene N.,Eugene N. Marais
Mare,Walter de la,Walter de la Mare
Marin,Mariana,Mariana Marin
Markham,Beryl,Beryl Markham
Marks,Percy,Percy Marks
Marlowe,Christopher,Christopher Marlowe
Marquez,Gabriel Garcia,Gabriel Garcia Marquez
Marsh,Richard,Richard Marsh
Marshall,Edison,Edison Marshall
Martel,Yann,Yann Martel
Martin,George R.R.,George R.R. Martin
Martinson,Harry,Harry Martinson
Marvell,Andrew,Andrew Marvell
Marx,Karl,Karl Marx
Masefield,John,John Masefield
Masterman,Walter S.,Walter S. Masterman
Masters,Edgar Lee,Edgar Lee Masters
Matthiessen,Peter,Peter Matthiessen
Mattingly,Garrett,Garrett Mattingly
Maturin,Charles Robert,Charles Robert Maturin
Maugham,W. Somerset,W. Somerset Maugham
Maupassant,Guy de,Guy de Maupassant
Maurier,Daphne Du,Daphne Du Maurier
Maurier,George du,George du Maurier
Mayakovsky,Vladimir,Vladimir Mayakovsky
Mayer,Bernadette,Bernadette Mayer
Mayrucker,Friederike,Friederike Mayrucker
McBride,James,James McBride
McCarthy,Cormac,Cormac McCarthy
McCourt,Frank,Frank McCourt
McCullers,Carson,Carson McCullers
McCulley,Johnston,Johnston McCulley
McCullough,Colleen,Colleen McCullough
McCutcheon,George Barr,George Barr McCutcheon
McDonagh,Martin,Martin McDonagh
McEwan,Ian,Ian McEwan
McLuhan,Marshall,Marshall McLuhan
McNeile,H. C.,H. C. McNeile
McNeill,William H.,William H. McNeill
McPherson,James M.,James M. McPherson
Mead,George Herbert,George Herbert Mead
Mead,Margaret,Margaret Mead
Melville,Herman,Herman Melville
Memmi,Albert,Albert Memmi
Mencius,,Mencius
Mencken,H. L.,H. L. Mencken
Mendelssohn,Moses,Moses Mendelssohn
Meredith,George,George Meredith
Merleau-Ponty,Maurice,Maurice Merleau-Ponty
Merritt,A.,A. Merritt
Merton,Thomas,Thomas Merton
Meyer,Stephenie,Stephenie Meyer
Mezzrow,Milton Mezz,Milton Mezz Mezzrow
Michaux,Henri,Henri Michaux
Mickiewicz,Adam,Adam Mickiewicz
Mill,John Stuart,John Stuart Mill
Millay,Edna St. Vincent,Edna St. Vincent Millay
Mille,James De,James De Mille
Miller,Arthur,Arthur Miller
Miller,Olive Beaupre,Olive Beaupre Miller
Millett,Kate,Kate Millett
Milne,A. A.,A. A. Milne
Milosz,Czeslaw,Czeslaw Milosz
Milton,John,John Milton
Minn,Ho Chi,Ho Chi Minn
Mirbeau,Octave,Octave Mirbeau
Mirrlees,Hope,Hope Mirrlees
Mirsky,Dmitry Svyatopolk,Dmitry Svyatopolk Mirsky
Mises,Ludwig von,Ludwig von Mises
Mistral,FrEdEric,FrEdEric Mistral
Mitchell,Margaret,Margaret Mitchell
Mitford,Jessica,Jessica Mitford
Mitra,S. M.,S. M. Mitra
MoliA're,,MoliA're
Moliere,,Moliere
Montague,C. E.,C. E. Montague
Montaigne,Michel de,Michel de Montaigne
Montale,Eugenio,Eugenio Montale
Montesquieu,,Montesquieu
Montgomery,L. M.,L. M. Montgomery
Moore,G. E.,G. E. Moore
Moore,G.E.,G.E. Moore
Moore,George Edward,George Edward Moore
Moore,Marianne,Marianne Moore
Moraga,Cherrie,Cherrie Moraga
More,Thomas,Thomas More
Morley,Christopher,Christopher Morley
Morris,Jan,Jan Morris
Morris,William,William Morris
Morrison,Toni,Toni Morrison
Morse,Ainsley,Ainsley Morse
Moss,Chloe,Chloe Moss
Mozi,,Mozi
Mphahlele,Es'kia,Es'kia Mphahlele
Muir,John,John Muir
Mukherjee,Siddhartha,Siddhartha Mukherjee
Mulvany,Kate,Kate Mulvany
Mumford,Lewis,Lewis Mumford
Murray,Les A.,Les A. Murray
Murray-Smith,Joanna,Joanna Murray-Smith
Musset,Alfred de,Alfred de Musset
Myrdal,Gunnar,Gunnar Myrdal
Nabokov,Vladimir Vladimirovich,Vladimir Vladimirovich Nabokov
Nabokov,Vladimir,Vladimir Nabokov
Nagarjuna,,Nagarjuna
Nancy,Jean-Luc,Jean-Luc Nancy
Naylor,Phyllis Reynolds,Phyllis Reynolds Naylor
Neihardt,John G.,John G. Neihardt
Nekrasov,Nikolay,Nikolay Nekrasov
Nelson,Maggie,Maggie Nelson
Neruda,Pablo,Pablo Neruda
Nerval,Gerard de,Gerard de Nerval
Nesbit,E.,E. Nesbit
Newman,John Henry,John Henry Newman
Newton,Isaac,Isaac Newton
Nexo,Martin Andersen,Martin Andersen Nexo
Neyshabouri,Attar,Attar Neyshabouri
Niane,Djibril Tamsir,Djibril Tamsir Niane
Niebuhr,Reinhold,Reinhold Niebuhr
Nietzsche,Friedrich,Friedrich Nietzsche
Niffenegger,Audrey,Audrey Niffenegger
Nijhoff,Martinus,Martinus Nijhoff
Nijo,Lady,Lady Nijo
Nisbet,Robert,Robert Nisbet
Nkrumah,Kwame,Kwame Nkrumah
Norris,Bruce,Bruce Norris
Norris,Frank,Frank Norris
Northup,Solomon,Solomon Northup
Norton,Andre,Andre Norton
Nottage,Lynn,Lynn Nottage
Novalis,,Novalis
Nowlan,Philip Francis,Philip Francis Nowlan
Nozick,Robert,Robert Nozick
Nuwas,Abu,Abu Nuwas
O'Brien,Robert C.,Robert C. O'Brien
O'Brien,Tim,Tim O'Brien
O'Flaherty,Liam,Liam O'Flaherty
O'Hara,Frank,Frank O'Hara
O'Neill,Eugene,Eugene O'Neill
Oakeshott,Michael,Michael Oakeshott
Obama,Barack,Barack Obama
Ockham,William of,William of Ockham
Okigbo,Christopher,Christopher Okigbo
Oliphant,Margaret,Margaret Oliphant
Olivares,Julian,Julian Olivares
Oliver,Mary,Mary Oliver
Ondaatje,Michael,Michael Ondaatje
Oppenheim,E. Phillips,E. Phillips Oppenheim
Orczy,Baroness,Baroness Orczy
Orwell,George,George Orwell
Osborne,John,John Osborne
Ostaijen,Paul van,Paul van Ostaijen
Ostashevsky,Eugene,Eugene Ostashevsky
Oswald,Alice,Alice Oswald
Ovid,,Ovid
Owen,Wilfred,Wilfred Owen
Oz,Amos,Amos Oz
P'Bitek,Okot,Okot P'Bitek
Paine,Thomas,Thomas Paine
Palamas,Kostis,Kostis Palamas
Paolini,Christopher,Christopher Paolini
Papini,Giovanni,Giovanni Papini
Parker,Dorothy,Dorothy Parker
Parks,Suzan-Lori,Suzan-Lori Parks
Parmenides,,Parmenides
Parrington,Vernon L.,Vernon L. Parrington
Parry,Milman,Milman Parry
Pascal,Blaise,Blaise Pascal
Pasternak,Boris Leonidovich,Boris Leonidovich Pasternak
Pasternak,Boris,Boris Pasternak
Pater,Walter,Walter Pater
Paterson,Banjo,Banjo Paterson
Paterson,Katherine,Katherine Paterson
Paton,Alan,Alan Paton
Patron,Susan,Susan Patron
Patterson,James,James Patterson
Paulsen,Gary,Gary Paulsen
Pavese,Cesare,Cesare Pavese
Paz,Octavio,Octavio Paz
Peacock,Thomas Love,Thomas Love Peacock
Pearson,Norman Holmes,Norman Holmes Pearson
Peck,M. Scott,M. Scott Peck
Pepys,Samuel,Samuel Pepys
Perk,Jacques,Jacques Perk
Perse,Saint-John,Saint-John Perse
Pessoa,Fernando,Fernando Pessoa
Peterkin,Julia,Julia Peterkin
Peterson,Roger Tory,Roger Tory Peterson
Petrarca,Francesco,Francesco Petrarca
Picoult,Jodi,Jodi Picoult
Pindar,,Pindar
Pinero,Arthur W.,Arthur W. Pinero
Pinter,Harold,Harold Pinter
Piper,H. Beam,H. Beam Piper
Pirandello,Luigi,Luigi Pirandello
Pirsig,Robert M.,Robert M. Pirsig
Pizan,Christine De,Christine De Pizan
Plaatje,Sol,Sol Plaatje
Plath,Sylvia,Sylvia Plath
Plato,,Plato
Plotinus,,Plotinus
Plutarch,,Plutarch
Pobedonostsev,Konstantin P.,Konstantin P. Pobedonostsev
Poe,Edgar Allan,Edgar Allan Poe
Pohl,Frederik,Frederik Pohl
Polidori,John William,John William Polidori
Pollan,Michael,Michael Pollan
Ponge,Francis,Francis Ponge
Poole,Ernest,Ernest Poole
Pope,Alexander,Alexander Pope
Popper,Karl,Karl Popper
Popper,Sir Karl,Sir Karl Popper
Porter,Eleanor H.,Eleanor H. Porter
Potter,Beatrix,Beatrix Potter
Pound,Ezra,Ezra Pound
Powers,Tim,Tim Powers
Prebble,Lucy,Lucy Prebble
Prevert,Jacques,Jacques Prevert
Prichard,Katharine Susannah,Katharine Susannah Prichard
Priestley,J. B.,J. B. Priestley
Proclus,,Proclus
Procopius,,Procopius
Proudhon,Pierre-Joseph,Pierre-Joseph Proudhon
Proust,Marcel,Marcel Proust
Psycharis,Yiannis,Yiannis Psycharis
Pujol,Oscar,Oscar Pujol
Pullman,Philip,Philip Pullman
Purvis,Sarah Louisa Forten,Sarah Louisa Forten Purvis
Pushkin,Alexander,Alexander Pushkin
Pyle,Howard,Howard Pyle
Pyrrhon,,Pyrrhon
Pythagoras,,Pythagoras
Queneau,Raymond,Raymond Queneau
Quevedo,Francisco de,Francisco de Quevedo
Quiller-Couch,Arthur,Arthur Quiller-Couch
Quincey,Thomas De,Thomas De Quincey
Quine,Willard Van Orman,Willard Van Orman Quine
Raban,Jonathan,Jonathan Raban
Racine,Jean,Jean Racine
Radcliffe,Ann,Ann Radcliffe
Radishchev,Alexander,Alexander Radishchev
Ramanuja,,Ramanuja
Ranciere,Jacques,Jacques Ranciere
Rand,Ayn,Ayn Rand
Rankine,Claudia,Claudia Rankine
Raskin,Ellen,Ellen Raskin
Raspe,Rudolph Erich,Rudolph Erich Raspe
Rawlings,Marjorie Kinnan,Marjorie Kinnan Rawlings
Rawls,John,John Rawls
Rawls,Wilson,Wilson Rawls
Rebeck,Theresa,Theresa Rebeck
Reed,John,John Reed
Reiche,Raul Otero,Raul Otero Reiche
Remarque,Erich Maria,Erich Maria Remarque
Renard,Jules,Jules Renard
Retz,Cardinal de,Cardinal de Retz
Reynolds,Jason,Jason Reynolds
Reynolds,Mack,Mack Reynolds
Reza,Yasmina,Yasmina Reza
Rhodes,Apollonius of,Apollonius of Rhodes
Rhodes,Richard,Richard Rhodes
Rich,Adrienne,Adrienne Rich
Richardson,Dorothy M.,Dorothy M. Richardson
Richardson,Henry Handel,Henry Handel Richardson
Richardson,Samuel,Samuel Richardson
Ricoeur,Paul,Paul Ricoeur
Riggs,Ransom,Ransom Riggs
Rihani,Ameen,Ameen Rihani
Riis,Jacob,Jacob Riis
Rilke,Rainer Maria,Rainer Maria Rilke
Rimbaud,Arthur,Arthur Rimbaud
Rinehart,Mary Roberts,Mary Roberts Rinehart
Riordan,Rick,Rick Riordan
Ritsos,Yannis,Yannis Ritsos
Rizal,JosE,JosE Rizal
Roberts,Nora,Nora Roberts
Rochefoucauld,Francois duc de La,Francois duc de La Rochefoucauld
Rockwell,Carey,Carey Rockwell
Roe,Edward Payson,Edward Payson Roe
Rohmer,Sax,Sax Rohmer
Rolfe,Frederick,Frederick Rolfe
Rolland,Romain,Romain Rolland
Rombauer,Irma S.,Irma S. Rombauer
Ronsard,Pierre,Pierre Ronsard
Roosevelt,Theodore,Theodore Roosevelt
Rorty,Richard,Richard Rorty
Rossetti,Christina Georgina,Christina Georgina Rossetti
Rostand,Edmond,Edmond Rostand
Roud,Gustave,Gustave Roud
Rougemont,Denis de,Denis de Rougemont
Rousseau,Jean-Jacques,Jean-Jacques Rousseau
Rowson,Susanna Haswell,Susanna Haswell Rowson
Roy,Arundhati,Arundhati Roy
Rozanov,Vasily,Vasily Rozanov
Rugge,John,John Rugge
Ruhl,Sarah,Sarah Ruhl
Rumi,Jalal al-Din Muhammad,Jalal al-Din Muhammad Rumi
Ruskin,John,John Ruskin
Russell,Bertrand,Bertrand Russell
Russell,George William,George William Russell
Rutherford,Mark,Mark Rutherford
Rymbu,Galina,Galina Rymbu
Saadi,,Saadi
Saavedra,Miguel de Cervantes,Miguel de Cervantes Saavedra
Sabatini,Rafael,Rafael Sabatini
Sachar,Louis,Louis Sachar
Sachtouris,Miltos,Miltos Sachtouris
Sacks,Oliver,Oliver Sacks
Sagan,Carl,Carl Sagan
Said,Edward W.,Edward W. Said
Saint-Exupery,Antoine de,Antoine de Saint-Exupery
Saint-Simon,Louis de Rouvroy,Louis de Rouvroy Saint-Simon
Salinger,J.D. D.,J.D. D. Salinger
Salten,Felix,Felix Salten
Saltus,Edgar,Edgar Saltus
Salzman,Mark,Mark Salzman
Sanchez,Sonia,Sonia Sanchez
Sand,George,George Sand
Sanger,Margaret,Margaret Sanger
Sankara,,Sankara
Sappho,,Sappho
Sarmiento,Domingo Faustino,Domingo Faustino Sarmiento
Sarraute,Nathalie,Nathalie Sarraute
Sartre,Jean Paul,Jean Paul Sartre
Sartre,Jean-Paul,Jean-Paul Sartre
Sassoon,Siegfried,Siegfried Sassoon
Satrapi,Marjane,Marjane Satrapi
Satre,Jean-Paul,Jean-Paul Satre
Sayers,Dorothy L.,Dorothy L. Sayers
Scheler,Max,Max Scheler
Schelling,Friedrich Wilhelm Joseph,Friedrich Wilhelm Joseph Schelling
Schlink,Bernhard,Bernhard Schlink
Schopenhauer,Arthur,Arthur Schopenhauer
Schoultz,Solveig von,Solveig von Schoultz
Schreber,Daniel Paul,Daniel Paul Schreber
Schumacher,E. F.,E. F. Schumacher
Schumpeter,Joseph A.,Joseph A. Schumpeter
Schweitzer,Albert,Albert Schweitzer
Scott,Sir Walter,Sir Walter Scott
Scott,Walter,Walter Scott
Scotus,Duns,Duns Scotus
Scotus,John Duns,John Duns Scotus
Seacole,Mary,Mary Seacole
Sebald,W. G.,W. G. Sebald
Sebastian,Mihail,Mihail Sebastian
Sebold,Alice,Alice Sebold
Sedaris,David,David Sedaris
Seferis,George,George Seferis
Seidel,Frederick,Frederick Seidel
Selden,George,George Selden
Sellars,Wilfrid,Wilfrid Sellars
Seneca,,Seneca
Seneca,Lucius Annaeus,Lucius Annaeus Seneca
Senesh,Hannah,Hannah Senesh
Senghor,Leopold Sedar,Leopold Sedar Senghor
Serna,Ramon Gomez de la,Ramon Gomez de la Serna
Serote,Mongane Wally,Mongane Wally Serote
Service,Robert W.,Robert W. Service
Sevigne,Marie de Rabutin-Chantal marquise de,Marie de Rabutin-Chantal marquise de Sevigne
Sewell,Anna,Anna Sewell
Shaara,Michael,Michael Shaara
Shabaan,Robert Bin,Robert Bin Shabaan
Shackleton,Ernest,Ernest Shackleton
Shafak,Elif,Elif Shafak
Shaffer,Peter,Peter Shaffer
Shakespeare,William,William Shakespeare
Shan,Han,Han Shan
Shange,Ntozake,Ntozake Shange
Shanley,John Patrick,John Patrick Shanley
Shaw,Bernard,Bernard Shaw
Shaw,George Bernard,George Bernard Shaw
Sheckley,Robert,Robert Sheckley
Shelley,Mary,Mary Shelley
Shelley,Percy Bysshe,Percy Bysshe Shelley
Shepard,Sam,Sam Shepard
Sheridan,Richard B.,Richard B. Sheridan
Sheridan,Richard Brinsley,Richard Brinsley Sheridan
Shevchenko,Taras,Taras Shevchenko
Shikibu,Murasaki,Murasaki Shikibu
Shilts,Randy,Randy Shilts
Shinran,,Shinran
Shirer,William L.,William L. Shirer
Shonagon,Sei,Sei Shonagon
Sidney-Fryer,Donald,Donald Sidney-Fryer
Sienkiewicz,Henryk,Henryk Sienkiewicz
Sikelianos,Angelos,Angelos Sikelianos
Silverstein,Shel,Shel Silverstein
Simmons,Dan,Dan Simmons
Simon,Neil,Neil Simon
Sinclair,Upton,Upton Sinclair
Singer,Peter Albert David,Peter Albert David Singer
Sinope,Diogenes Of,Diogenes Of Sinope
Sinopoulos,Takis,Takis Sinopoulos
Siwertz,Sigfrid,Sigfrid Siwertz
Skloot,Rebecca,Rebecca Skloot
Slauerhoff,J. J.,J. J. Slauerhoff
Slessor,Kenneth,Kenneth Slessor
Smart,Elizabeth,Elizabeth Smart
Smith,Adam,Adam Smith
Smith,Alexander McCall,Alexander McCall Smith
Smith,Betty,Betty Smith
Smith,Clark Ashton,Clark Ashton Smith
Smith,Cordwainer,Cordwainer Smith
Smith,E. E.,E. E. Smith
Smith,Patti,Patti Smith
Sobol,Donald J.,Donald J. Sobol
Socrates,,Socrates
Soderberg,Hjalmar,Hjalmar Soderberg
Sologub,Fyodor,Fyodor Sologub
Solomon,Andrew,Andrew Solomon
Solomos,Dionysios,Dionysios Solomos
Solzhenitsyn,Aleksandr Isaevich,Aleksandr Isaevich Solzhenitsyn
Solzhenitsyn,Aleksandr,Aleksandr Solzhenitsyn
Somoza,Jose Carlos,Jose Carlos Somoza
Sontag,Susan,Susan Sontag
Sophocles,,Sophocles
Soseki,Natsume,Natsume Soseki
Sparks,Nicholas,Nicholas Sparks
Speare,Elizabeth George,Elizabeth George Speare
Spencer,Herbert,Herbert Spencer
Spengler,Oswald,Oswald Spengler
Spenser,Edmund,Edmund Spenser
Sperry,Armstrong,Armstrong Sperry
Spiegelman,Art,Art Spiegelman
Spinoza,Baruch de,Baruch de Spinoza
Spinoza,Baruch,Baruch Spinoza
Spinoza,Benedict de,Benedict de Spinoza
Spock,Benjamin,Benjamin Spock
Spyri,Johanna,Johanna Spyri
Stacpoole,H. de Vere,H. de Vere Stacpoole
Stead,Rebecca,Rebecca Stead
Steele,Richard,Richard Steele
Stein,Gertrude,Gertrude Stein
Steinbeck,John,John Steinbeck
Stendhal,,Stendhal
Stephens,James,James Stephens
Stephens,Simon,Simon Stephens
Sterling,George,George Sterling
Sterne,Laurence,Laurence Sterne
Stevens,Wallace,Wallace Stevens
Stevenson,Robert Louis,Robert Louis Stevenson
Stockett,Kathryn,Kathryn Stockett
Stoker,Bram,Bram Stoker
Stoppard,Tom,Tom Stoppard
Stowe,Harriet Beecher,Harriet Beecher Stowe
Strachey,Lytton,Lytton Strachey
Stravinsky,Igor,Igor Stravinsky
Strindberg,August,August Strindberg
Sturm,Terry,Terry Sturm
Styron,William,William Styron
Suetonius,,Suetonius
Sugimoto,Etsu Inagaki,Etsu Inagaki Sugimoto
Sullivan,Alan,Alan Sullivan
Suttner,Bertha von,Bertha von Suttner
Swift,Jonathan,Jonathan Swift
Symons,A. J. A.,A. J. A. Symons
Synge,J. M.,J. M. Synge
Szarkowski,John,John Szarkowski
Szymborska,Wislawa,Wislawa Szymborska
Tacitus,Cornelius,Cornelius Tacitus
Tagore,Rabindranath,Rabindranath Tagore
Tam'si,Tchicaya U.,Tchicaya U. Tam'si
Tan,Amy,Amy Tan
Tarkington,Booth,Booth Tarkington
Tawney,R. H.,R. H. Tawney
Taylor,Mildred D.,Mildred D. Taylor
Taylor,Tom,Tom Taylor
Temperley,Hector Viel,Hector Viel Temperley
Tempest,Kae,Kae Tempest
Tennyson,Alfred Lord,Alfred Lord Tennyson
Tennyson,Alfred,Alfred Tennyson
Terkel,Studs,Studs Terkel
Tey,Josephine,Josephine Tey
Thackeray,William Makepeace,William Makepeace Thackeray
Thayer,Ella Cheever,Ella Cheever Thayer
Theroux,Paul,Paul Theroux
Thiruvalluvar,,Thiruvalluvar
Thomas,Dylan,Dylan Thomas
Thomas,Edward,Edward Thomas
Thompson,E. P.,E. P. Thompson
Thompson,Hunter S.,Hunter S. Thompson
Thoreau,Henry David,Henry David Thoreau
Thorndike,Russell,Russell Thorndike
Thucydides,,Thucydides
Tillich,Paul,Paul Tillich
Tocqueville,Alexis de,Alexis de Tocqueville
Tolkien,J. R. R.,J. R. R. Tolkien
Tollens,Hendrik,Hendrik Tollens
Tolstoy,Leo,Leo Tolstoy
Toomer,Jean,Jean Toomer
Toynbee,Arnold J.,Arnold J. Toynbee
Tozer,A. W.,A. W. Tozer
Travers,P. L.,P. L. Travers
Treadwell,Sophie,Sophie Treadwell
Trevor,William,William Trevor
Trilling,Lionel,Lionel Trilling
Trollope,Anthony,Anthony Trollope
Tsu,Lao,Lao Tsu
Tsvetayeva,Marina,Marina Tsvetayeva
Tuchman,Barbara Wertheim,Barbara Wertheim Tuchman
Tuqan,Fadwa,Fadwa Tuqan
Turgenev,Ivan Sergeevich,Ivan Sergeevich Turgenev
Turgenev,Ivan,Ivan Turgenev
Turner,Frederick J.,Frederick J. Turner
Tvardovsky,Alexander,Alexander Tvardovsky
Twain,Mark,Mark Twain
Tyng,Sewell,Sewell Tyng
Tzu,Lao,Lao Tzu
Tzu,Sun,Sun Tzu
Umbral,Francisco,Francisco Umbral
Unamuno,Miguel de,Miguel de Unamuno
Underhill,Evelyn,Evelyn Underhill
Valente,Jose Angel,Jose Angel Valente
Valery,Paul,Paul Valery
Vallejo,Cesar,Cesar Vallejo
Valmiki,,Valmiki
Varnalis,Kostas,Kostas Varnalis
Vasalis,M.,M. Vasalis
Vasari,Giorgio,Giorgio Vasari
Veblen,Thorstein,Thorstein Veblen
Verlaine,Paul,Paul Verlaine
Verne,Jules,Jules Verne
Vico,Giambattista,Giambattista Vico
Vigny,Alfred de,Alfred de Vigny
Vilakazi,B. W.,B. W. Vilakazi
Villon,Francois,Francois Villon
Virgil,,Virgil
Vitale,Ida,Ida Vitale
Voltaire,,Voltaire
Vondel,Joost van den,Joost van den Vondel
Vonnegut,Kurt,Kurt Vonnegut
Voynich,Ethel,Ethel Voynich
Voznesensky,Andrey,Andrey Voznesensky
Vyasa,,Vyasa
Walcott,Derek,Derek Walcott
Walker,Alice,Alice Walker
Wallace,David Foster,David Foster Wallace
Wallace,Edgar,Edgar Wallace
Wallace,Lew,Lew Wallace
Waller,Robert James,Robert James Waller
Walpole,Horace,Horace Walpole
Walpole,Hugh,Hugh Walpole
Walton,Izaak,Izaak Walton
Wang,Wei,Wei Wang
Warner,Sylvia Townsend,Sylvia Townsend Warner
Warren,Robert Penn,Robert Penn Warren
Washington,Booker T.,Booker T. Washington
Watson,James D.,James D. Watson
Waugh,Evelyn,Evelyn Waugh
Weaver,Richard M.,Richard M. Weaver
Weber,Max,Max Weber
Webster,John,John Webster
Weinbaum,Stanley G.,Stanley G. Weinbaum
Weinberger,Eliot,Eliot Weinberger
Wellman,Manly Wade,Manly Wade Wellman
Wells,H. G.,H. G. Wells
West,Cornel,Cornel West
West,Rebecca,Rebecca West
Westcott,Edward Noyes,Edward Noyes Westcott
Westover,Tara,Tara Westover
Wharton,Edith,Edith Wharton
Wheatley,Phillis,Phillis Wheatley
Whistler,James McNeill,James McNeill Whistler
White,E. B.,E. B. White
White,Fred M.,Fred M. White
White,Gilbert,Gilbert White
White,T. H.,T. H. White
Whitehead,Alfred North,Alfred North Whitehead
Whitman,Walt,Walt Whitman
Whittaker,Alison,Alison Whittaker
Whymper,Edward,Edward Whymper
Widdemer,Margaret,Margaret Widdemer
Wiesel,Elie,Elie Wiesel
Wiggin,Kate Douglas Smith,Kate Douglas Smith Wiggin
Wilde,Oscar,Oscar Wilde
Wilder,Thornton,Thornton Wilder
Wilkerson,Isabel,Isabel Wilkerson
Williams,Sir Bernard,Sir Bernard Williams
Williams,Tennessee,Tennessee Williams
Williams,William Carlos,William Carlos Williams
Wilmot,Chester,Chester Wilmot
Wilmot,John,John Wilmot
Wilson,August,August Wilson
Wilson,Colin,Colin Wilson
Wilson,Edmund,Edmund Wilson
Wilson,Harriet E.,Harriet E. Wilson
Wilson,Margaret,Margaret Wilson
Wister,Owen,Owen Wister
Wittgenstein,Ludwig,Ludwig Wittgenstein
Wodehouse,P. G.,P. G. Wodehouse
Wolfe,Bernard,Bernard Wolfe
Wolfe,Thomas,Thomas Wolfe
Wolfe,Tom,Tom Wolfe
Wollaston,William,William Wollaston
Wollstonecraft,Mary,Mary Wollstonecraft
Woodson,Jacqueline,Jacqueline Woodson
Woodward,Bob,Bob Woodward
Woolf,Virginia,Virginia Woolf
Wordsworth ,William,William Wordsworth 
Wordsworth,William,William Wordsworth
Wouk,Herman,Herman Wouk
Wright,Lawrence,Lawrence Wright
Wright,Richard,Richard Wright
Wyatt,Meyne,Meyne Wyatt
Wycherley,William,William Wycherley
Wylie,Philip,Philip Wylie
Wyss,Johann David,Johann David Wyss
Xenophon,,Xenophon
Xi,Zhu,Zhu Xi
Xueqin,Cao,Cao Xueqin
Yangming,Wang,Wang Yangming
Yates,Frances A.,Frances A. Yates
Yeats,W. B.,W. B. Yeats
Yeats,William Butler,William Butler Yeats
Young,William P.,William P. Young
Zamyatin,Yevgeny,Yevgeny Zamyatin
Zangwill,Israel,Israel Zangwill
Zeno,,Zeno
Zhuangzi,,Zhuangzi
Ziedonis,Imants,Imants Ziedonis
Zinn,Howard,Howard Zinn
Zitkala-Sa,,Zitkala-Sa
Zizek,Slavoj,Slavoj Zizek
Zola,Emile,Emile Zola
Zola,emile,emile Zola
Zorn,Fritz,Fritz Zorn
Zurita,Raul,Raul Zurita
Zusak,Markus,Markus Zusak
Zweig,Stefan,Stefan Zweig
al-'Arabi,Ibn,Ibn al-'Arabi
al-Ghazali,,al-Ghazali
al-Kindi,Yaqub ibn Ishaq as-sabah,Yaqub ibn Ishaq as-sabah al-Kindi
al-MaE>arri,Abu al-E>AlaE4,Abu al-E>AlaE4 al-MaE>arri
d'Aubigne,Agrippa,Agrippa d'Aubigne
eluard,Paul,Paul eluard
hooks,bell,bell hooks
scripture,Hindu,Hindu scripture
